{
    "accuracy": 0.9605926860025221,
    "macro_f1": 0.9677463677558753,
    "weighted_f1": 0.9605971224023377
}