Model,Accuracy,Macro F1,Weighted F1
densenet121,0.9605926860025221,0.9677463677558753,0.9605971224023377
resnet50,0.957124842370744,0.9658938416521813,0.9572486212261151
