{"densenet121": 0.9536999172112495, "resnet50": 0.9541531722479398}