{
    "accuracy": 0.957124842370744,
    "macro_f1": 0.9658938416521813,
    "weighted_f1": 0.9572486212261151
}